--SELECT USER
--FROM DUAL;
--==>> TRY

------------------------------ 더미 데이터 -------------------------------------
------------------------------ 관리자 ------------------------------------------
-- 데이터 넣는 순서
-- 1. 관리자 테이블(ADMIN_TBL)
INSERT INTO "TRY"."ADMIN_TBL" (ADMIN_CD, PWD) VALUES ('admin', '1234');

-- 2. FAQ 카테고리 테이블(FAQ_CTGY_TBL)
INSERT INTO "TRY"."FAQ_CTGY_TBL" (FAQ_CTGY_CD, NAME) VALUES ('1', '통계');
INSERT INTO "TRY"."FAQ_CTGY_TBL" (FAQ_CTGY_CD, NAME) VALUES ('2', '회원관리');
INSERT INTO "TRY"."FAQ_CTGY_TBL" (FAQ_CTGY_CD, NAME) VALUES ('3', '상품관리');
INSERT INTO "TRY"."FAQ_CTGY_TBL" (FAQ_CTGY_CD, NAME) VALUES ('4', '광고');
INSERT INTO "TRY"."FAQ_CTGY_TBL" (FAQ_CTGY_CD, NAME) VALUES ('5', '기타');
INSERT INTO "TRY"."FAQ_CTGY_TBL" (FAQ_CTGY_CD, NAME) VALUES ('6', '기업정보');
INSERT INTO "TRY"."FAQ_CTGY_TBL" (FAQ_CTGY_CD, NAME) VALUES ('7', '회원정보');
INSERT INTO "TRY"."FAQ_CTGY_TBL" (FAQ_CTGY_CD, NAME) VALUES ('8', '예약');
INSERT INTO "TRY"."FAQ_CTGY_TBL" (FAQ_CTGY_CD, NAME) VALUES ('9', '상담');
INSERT INTO "TRY"."FAQ_CTGY_TBL" (FAQ_CTGY_CD, NAME) VALUES ('10', '상품');
INSERT INTO "TRY"."FAQ_CTGY_TBL" (FAQ_CTGY_CD, NAME) VALUES ('11', '기타');

-- 3. 사용자 구별 테이블 (CHK_TBL)
INSERT INTO CHK_TBL(CHK_CD, CTNT) VALUES ('1', '기업');
INSERT INTO CHK_TBL(CHK_CD, CTNT) VALUES ('2', '회원');


-- 4. FAQ 테이블(FAQ_TBL)
-- 작성일은 SYSDATE 이고 
-- 조회수의 DEFAULT 값은 0
INSERT INTO "TRY"."FAQ_TBL" (FAQ_CD, FAQ_CTGY_CD, CHK_CD, ADMIN_CD, SBJCT, CTNT, DT) VALUES ('1', '1', '1', 'admin','광고는 이렇게...', '광고 관련... ①②③...', SYSDATE);
INSERT INTO "TRY"."FAQ_TBL" (FAQ_CD, FAQ_CTGY_CD, CHK_CD, ADMIN_CD, SBJCT, CTNT, DT) VALUES ('2', '7', '2', 'admin', '회원정보 변경은 이렇게...', '회원정보 관련... ①②③...', SYSDATE); 

-- 5. 공지사항 테이블(NTC_TBL)
INSERT INTO NTC_TBL(NTC_CD, ADMIN_CD, SBJCT, CTNT, DT) VALUES('1', 'admin', '시스템점검(0526 0시~6시)', '시스템 점검 공지합니다.', SYSDATE);
INSERT INTO NTC_TBL(NTC_CD, ADMIN_CD, SBJCT, CTNT, DT) VALUES('2', 'admin', '시스템점검(0528 0시~6시)', '시스템 점검 공지합니다.', SYSDATE);


------------------------------ 기업 --------------------------------------------
-- 6. 기업 카테고리 테이블
INSERT INTO CMPNY_CTGY_TBL(CMPNY_CTGY_ID, NAME)
VALUES(1,'웨딩홀');
INSERT INTO CMPNY_CTGY_TBL(CMPNY_CTGY_ID, NAME)
VALUES(2,'스튜디오');
INSERT INTO CMPNY_CTGY_TBL(CMPNY_CTGY_ID, NAME)
VALUES(3,'드레스');
INSERT INTO CMPNY_CTGY_TBL(CMPNY_CTGY_ID, NAME)
VALUES(4,'헤어 메이크업');

-- 7. 기업 테이블
/*
INSERT INTO CMPNY_TBL(CMPNY_ID, CMPNY_CTGY_ID, NAME, CTNT, PWD, EMAIL, TEL, HMPG, ADDR_NO, ADDR1, ADDR2) 
VALUES('', , '', '', '', '', '', '', '', '', '');
*/
-- 탈퇴 여부 컬럼의 DEFAULT 값은 0

--                    사업번호 기업카테고리    회사명 내용 비번 이메일 휴대폰 홈피 우편번호 주소  주소   탈퇴여부
INSERT INTO CMPNY_TBL(CMPNY_ID, CMPNY_CTGY_ID, NAME, CTNT, PWD, EMAIL, TEL, HMPG, ADDR_NO, ADDR1, ADDR2)
VALUES('1111111111', 1, '김영진 웨딩홀', '김영진 웨딩홀', '1111111111', 'kimyoungjin@naver.com', '010-1111-1111', 'http://naver.com', '11111', '전라남도 목포시 신흥동', '현대아파트 101-803');

INSERT INTO CMPNY_TBL(CMPNY_ID, CMPNY_CTGY_ID, NAME, CTNT, PWD, EMAIL, TEL, HMPG, ADDR_NO, ADDR1, ADDR2)
VALUES('2222222222', 2, '김현태 스튜디오', '김현태 스튜디오', '2222222222', 'kimhyuntae@naver.com', '010-2222-2222', 'http://google.com', '22222', '경기도 부천시 원미구 상동', '행복한마을 2401동 1202호');

INSERT INTO CMPNY_TBL(CMPNY_ID, CMPNY_CTGY_ID, NAME, CTNT, PWD, EMAIL, TEL, HMPG, ADDR_NO, ADDR1, ADDR2)
VALUES('3333333333', 3, '이아름 드레스', '이아름 드레스', '3333333333', 'leeareum@naver.com', '010-3333-3333', 'http://nate.com', '33333', '경기도 성남시 수정구', '태평동 1701');

INSERT INTO CMPNY_TBL(CMPNY_ID, CMPNY_CTGY_ID, NAME, CTNT, PWD, EMAIL, TEL, HMPG, ADDR_NO, ADDR1, ADDR2)
VALUES('4444444444', 4, '이준환 메이크업', '이준환 메이크업', '4444444444', 'leejunhwan@naver.com', '010-4444-4444', 'http://daum.net', '44444', '서울시 성북구 장위로 135길', '1층');

INSERT INTO CMPNY_TBL(CMPNY_ID, CMPNY_CTGY_ID, NAME, CTNT, PWD, EMAIL, TEL, HMPG, ADDR_NO, ADDR1, ADDR2)
VALUES('5555555555', 1, '정현석 웨딩홀', '정현석 웨딩홀', '5555555555', 'junghyunsuk@naver.com', '010-5555-5555', 'http://facebook.com', '55555', '경기도 오산시 갈곶동', '130-7번지');

--SELECT *
--FROM CMPNY_TBL;

--COMMIT;



-- 8. 기업 1차 경고 테이블
INSERT INTO "TRY"."CMPNY_WAR1_TBL" (CMPNY_ID, CTNT) VALUES ('1111111111', '불건전한 기업명 경고 1회');
INSERT INTO "TRY"."CMPNY_WAR1_TBL" (CMPNY_ID, CTNT) VALUES ('2222222222', '불건전한 기업명 경고 1회');
INSERT INTO "TRY"."CMPNY_WAR1_TBL" (CMPNY_ID, CTNT) VALUES ('3333333333', '불건전한 기업명 경고 1회');
INSERT INTO "TRY"."CMPNY_WAR1_TBL" (CMPNY_ID, CTNT) VALUES ('4444444444', '불건전한 기업명 경고 1회');


-- 9. 기업 2차 경고 테이블
INSERT INTO "TRY"."CMPNY_WAR2_TBL" (CMPNY_ID, CTNT) VALUES ('2222222222', '불건전한 기업명 경고 2회');
INSERT INTO "TRY"."CMPNY_WAR2_TBL" (CMPNY_ID, CTNT) VALUES ('3333333333', '불건전한 기업명 경고 2회');

-- 10. 기업 3차 경고 테이블
INSERT INTO "TRY"."CMPNY_WAR3_TBL" (CMPNY_ID, CTNT) VALUES ('3333333333', '불건전한 기업명 경고 3회');

--COMMIT;

-- 11. 상품 게시 테이블
INSERT INTO POST_TBL(POST_CD, STT) VALUES ('1', '미 작성');
INSERT INTO POST_TBL(POST_CD, STT) VALUES ('2', '등록 중');
INSERT INTO POST_TBL(POST_CD, STT) VALUES ('3', '미 등록');

-- 12. 결제 카테고리 테이블
INSERT INTO "TRY"."PMT_CTGY_TBL" (PMT_CTGY_CD, NAME) VALUES ('1', '휴대폰');


-- 13. 기업 Q&A  테이블
-- 조회수는 DEFAULT 값 0
-- 작성시간은 DEFAULT 값 SYSDATE
INSERT INTO "TRY"."QCMPNY_TBL" (CMPNY_QNA_CD, CMPNY_ID, SBJCT, CTNT, DT, PWD) VALUES ('1', '1111111111', '광고 문의 제목', '광고 문의 내용', SYSDATE, '1111111111');
INSERT INTO "TRY"."QCMPNY_TBL" (CMPNY_QNA_CD, CMPNY_ID, SBJCT, CTNT, DT) VALUES ('2', '1111111111', '상품 문의 제목', '상품 문의 내용', SYSDATE);
INSERT INTO "TRY"."QCMPNY_TBL" (CMPNY_QNA_CD, CMPNY_ID, SBJCT, CTNT, DT) VALUES ('3', '1111111111', '회원 탈퇴 문의 제목', '회원 탈퇴 문의 내용', SYSDATE);
INSERT INTO "TRY"."QCMPNY_TBL" (CMPNY_QNA_CD, CMPNY_ID, SBJCT, CTNT, DT) VALUES ('4', '1111111111', '예약 문의 제목', '예약 문의 내용', SYSDATE);
INSERT INTO "TRY"."QCMPNY_TBL" (CMPNY_QNA_CD, CMPNY_ID, SBJCT, CTNT, DT) VALUES ('5', '1111111111', '상품평 문의 제목', '상품평 문의 내용', SYSDATE);
INSERT INTO "TRY"."QCMPNY_TBL" (CMPNY_QNA_CD, CMPNY_ID, SBJCT, CTNT, DT) VALUES ('6', '2222222222', '광고 문의 제목', '광고 문의 내용', SYSDATE);
INSERT INTO "TRY"."QCMPNY_TBL" (CMPNY_QNA_CD, CMPNY_ID, SBJCT, CTNT, DT, PWD) VALUES ('7', '2222222222', '상품 문의 제목', '상품 문의 내용', SYSDATE, '2222222222');
INSERT INTO "TRY"."QCMPNY_TBL" (CMPNY_QNA_CD, CMPNY_ID, SBJCT, CTNT, DT) VALUES ('8', '2222222222', '회원 탈퇴 문의 제목', '회원 탈퇴 문의 내용', SYSDATE);
INSERT INTO "TRY"."QCMPNY_TBL" (CMPNY_QNA_CD, CMPNY_ID, SBJCT, CTNT, DT) VALUES ('9', '2222222222', '예약 문의 제목', '예약 문의 내용', SYSDATE);
INSERT INTO "TRY"."QCMPNY_TBL" (CMPNY_QNA_CD, CMPNY_ID, SBJCT, CTNT, DT) VALUES ('10', '2222222222', '상품평 문의 제목', '상품평 문의 내용', SYSDATE);
INSERT INTO "TRY"."QCMPNY_TBL" (CMPNY_QNA_CD, CMPNY_ID, SBJCT, CTNT, DT) VALUES ('11', '3333333333', '광고 문의 제목', '광고 문의 내용', SYSDATE);
INSERT INTO "TRY"."QCMPNY_TBL" (CMPNY_QNA_CD, CMPNY_ID, SBJCT, CTNT, DT) VALUES ('12', '3333333333', '상품 문의 제목', '상품 문의 내용', SYSDATE);
INSERT INTO "TRY"."QCMPNY_TBL" (CMPNY_QNA_CD, CMPNY_ID, SBJCT, CTNT, DT, PWD) VALUES ('13', '3333333333', '회원 탈퇴 문의 제목', '회원 탈퇴 문의 내용', SYSDATE, '3333333333');
INSERT INTO "TRY"."QCMPNY_TBL" (CMPNY_QNA_CD, CMPNY_ID, SBJCT, CTNT, DT) VALUES ('14', '3333333333', '예약 문의 제목', '예약 문의 내용', SYSDATE);
INSERT INTO "TRY"."QCMPNY_TBL" (CMPNY_QNA_CD, CMPNY_ID, SBJCT, CTNT, DT) VALUES ('15', '3333333333', '상품평 문의 제목', '상품평 문의 내용', SYSDATE);
INSERT INTO "TRY"."QCMPNY_TBL" (CMPNY_QNA_CD, CMPNY_ID, SBJCT, CTNT, DT) VALUES ('16', '4444444444', '광고 문의 제목', '광고 문의 내용', SYSDATE);
INSERT INTO "TRY"."QCMPNY_TBL" (CMPNY_QNA_CD, CMPNY_ID, SBJCT, CTNT, DT) VALUES ('17', '4444444444', '상품 문의 제목', '상품 문의 내용', SYSDATE);
INSERT INTO "TRY"."QCMPNY_TBL" (CMPNY_QNA_CD, CMPNY_ID, SBJCT, CTNT, DT) VALUES ('18', '4444444444', '회원 탈퇴 문의 제목', '회원 탈퇴 문의 내용', SYSDATE);
INSERT INTO "TRY"."QCMPNY_TBL" (CMPNY_QNA_CD, CMPNY_ID, SBJCT, CTNT, DT, PWD) VALUES ('19', '4444444444', '예약 문의 제목', '예약 문의 내용', SYSDATE, '3333333333');
INSERT INTO "TRY"."QCMPNY_TBL" (CMPNY_QNA_CD, CMPNY_ID, SBJCT, CTNT, DT) VALUES ('20', '4444444444', '상품평 문의 제목', '상품평 문의 내용', SYSDATE);
INSERT INTO "TRY"."QCMPNY_TBL" (CMPNY_QNA_CD, CMPNY_ID, SBJCT, CTNT, DT) VALUES ('21', '5555555555', '광고 문의 제목', '광고 문의 내용', SYSDATE);
INSERT INTO "TRY"."QCMPNY_TBL" (CMPNY_QNA_CD, CMPNY_ID, SBJCT, CTNT, DT) VALUES ('22', '5555555555', '상품 문의 제목', '상품 문의 내용', SYSDATE);
INSERT INTO "TRY"."QCMPNY_TBL" (CMPNY_QNA_CD, CMPNY_ID, SBJCT, CTNT, DT) VALUES ('23', '5555555555', '회원 탈퇴 문의 제목', '회원 탈퇴 문의 내용', SYSDATE);
INSERT INTO "TRY"."QCMPNY_TBL" (CMPNY_QNA_CD, CMPNY_ID, SBJCT, CTNT, DT) VALUES ('24', '5555555555', '예약 문의 제목', '예약 문의 내용', SYSDATE);
INSERT INTO "TRY"."QCMPNY_TBL" (CMPNY_QNA_CD, CMPNY_ID, SBJCT, CTNT, DT, PWD) VALUES ('25', '5555555555', '상품평 문의 제목', '상품평 문의 내용', SYSDATE, '5555555555');

-- 14. QNA 관리자-기업 댓글 테이블 (QAC_CMT_TBL)
INSERT INTO QAC_CMT_TBL(QNA_ADMIN_CMPNY_CD, CMPNY_QNA_CD, ADMIN_CD, CTNT, DT) VALUES ('1', '1', 'admin', '그 문제는 말입니다...', SYSDATE);
INSERT INTO QAC_CMT_TBL(QNA_ADMIN_CMPNY_CD, CMPNY_QNA_CD, ADMIN_CD, CTNT, DT) VALUES ('2', '2', 'admin', '그 문제는 말입니다...', SYSDATE);


-- 15. 상품 등록 테이블 (PROD_TBL)
INSERT INTO "TRY"."PROD_TBL" (PROD_CD, CMPNY_ID, POST_CD, NAME) VALUES ('1', '1111111111', '2', '김영진 웨딩홀 제목');
INSERT INTO "TRY"."PROD_TBL" (PROD_CD, CMPNY_ID, POST_CD, NAME) VALUES ('2', '2222222222', '2', '김현태 스튜디오 제목');
INSERT INTO "TRY"."PROD_TBL" (PROD_CD, CMPNY_ID, POST_CD, NAME) VALUES ('3', '3333333333', '2', '이아름 드레스 제목');
INSERT INTO "TRY"."PROD_TBL" (PROD_CD, CMPNY_ID, POST_CD, NAME) VALUES ('4', '4444444444', '2', '이준환 메이크업 제목');
INSERT INTO "TRY"."PROD_TBL" (PROD_CD, CMPNY_ID, POST_CD, NAME) VALUES ('5', '5555555555', '3', '정현석 웨딩홀 제목');
INSERT INTO "TRY"."PROD_TBL" (PROD_CD, CMPNY_ID, POST_CD, NAME, STRT, END) VALUES ('6', '1111111111', '2', '김영진 웨딩홀 할인 제목', TO_DATE('2016-01-01 00:00:00', 'YYYY-MM-DD HH24:MI:SS'), TO_DATE('2016-02-01 00:00:00', 'YYYY-MM-DD HH24:MI:SS'));
INSERT INTO "TRY"."PROD_TBL" (PROD_CD, CMPNY_ID, POST_CD, NAME, STRT, END) VALUES ('7', '2222222222', '2', '김현태 스튜디오 할인 제목', TO_DATE('2016-02-01 00:00:00', 'YYYY-MM-DD HH24:MI:SS'), TO_DATE('2016-03-01 00:00:00', 'YYYY-MM-DD HH24:MI:SS'));
INSERT INTO "TRY"."PROD_TBL" (PROD_CD, CMPNY_ID, POST_CD, NAME, STRT, END) VALUES ('8', '3333333333', '2', '이아름 드레스 할인 제목', TO_DATE('2016-03-01 00:00:00', 'YYYY-MM-DD HH24:MI:SS'), TO_DATE('2016-04-01 00:00:00', 'YYYY-MM-DD HH24:MI:SS'));
INSERT INTO "TRY"."PROD_TBL" (PROD_CD, CMPNY_ID, POST_CD, NAME, STRT, END) VALUES ('9', '4444444444', '2', '이준환 메이크업 할인 제목', TO_DATE('2016-04-01 00:00:00', 'YYYY-MM-DD HH24:MI:SS'), TO_DATE('2016-05-01 00:00:00', 'YYYY-MM-DD HH24:MI:SS'));

-- 16. 광고 요청 테이블 (ADVT_REQ_TBL)
INSERT INTO "TRY"."ADVT_REQ_TBL" (ADVT_REQ_CD, PROD_CD, SBJCT, STRT, END, CASH, IMG) VALUES ('1', '1', '럭셔리 웨딩홀', TO_DATE('2016-06-01 06:38:06', 'YYYY-MM-DD HH24:MI:SS'), TO_DATE('2016-07-01 00:00:00', 'YYYY-MM-DD HH24:MI:SS'), '15000', 'C:\wedding\1');
INSERT INTO "TRY"."ADVT_REQ_TBL" (ADVT_REQ_CD, PROD_CD, SBJCT, STRT, END, CASH, IMG) VALUES ('2', '2', '테마 스튜디오', TO_DATE('2016-06-10 00:00:00', 'YYYY-MM-DD HH24:MI:SS'), TO_DATE('2016-07-10 00:00:00', 'YYYY-MM-DD HH24:MI:SS'), '15000', 'C:\wedding\2');
INSERT INTO "TRY"."ADVT_REQ_TBL" (ADVT_REQ_CD, PROD_CD, SBJCT, STRT, END, CASH, IMG) VALUES ('3', '3', '예쁜 드레스', TO_DATE('2016-06-20 00:00:00', 'YYYY-MM-DD HH24:MI:SS'), TO_DATE('2016-07-20 00:00:00', 'YYYY-MM-DD HH24:MI:SS'), '15000', 'C:\wedding\3');
INSERT INTO "TRY"."ADVT_REQ_TBL" (ADVT_REQ_CD, PROD_CD, SBJCT, STRT, END, CASH, IMG) VALUES ('4', '4', '예쁜 메이크업', TO_DATE('2016-07-01 00:00:00', 'YYYY-MM-DD HH24:MI:SS'), TO_DATE('2016-08-01 00:00:00', 'YYYY-MM-DD HH24:MI:SS'), '15000', 'C:\wedding\4');

-- 17. 결제 테이블 (PMT_TBL)
INSERT INTO "TRY"."PMT_TBL" (PMT_CD, ADVT_REQ_CD, PMT_CTGY_CD, DT) VALUES ('1', '1', '1', SYSDATE);
INSERT INTO "TRY"."PMT_TBL" (PMT_CD, ADVT_REQ_CD, PMT_CTGY_CD, DT) VALUES ('2', '2', '1', SYSDATE);
INSERT INTO "TRY"."PMT_TBL" (PMT_CD, ADVT_REQ_CD, PMT_CTGY_CD, DT) VALUES ('3', '3', '1', SYSDATE);
INSERT INTO "TRY"."PMT_TBL" (PMT_CD, ADVT_REQ_CD, PMT_CTGY_CD, DT) VALUES ('4', '4', '1', SYSDATE);

-- 18. 광고 승인 테이블 (AD_CNFM_TBL)
INSERT INTO "TRY"."AD_CNFM_TBL" (ADVT_CD, PMT_CD, POST_CD) VALUES ('1', '1', '3');
INSERT INTO "TRY"."AD_CNFM_TBL" (ADVT_CD, PMT_CD, POST_CD) VALUES ('2', '2', '3');
INSERT INTO "TRY"."AD_CNFM_TBL" (ADVT_CD, PMT_CD, POST_CD) VALUES ('3', '3', '3');
INSERT INTO "TRY"."AD_CNFM_TBL" (ADVT_CD, PMT_CD, POST_CD) VALUES ('4', '4', '3');

-- 19. 상품 종류 테이블
INSERT INTO "TRY"."PROD_TP_TBL" (PROD_TP_CD, PROD_CD, NAME) VALUES ('1', '1', '웨딩홀');
INSERT INTO "TRY"."PROD_TP_TBL" (PROD_TP_CD, PROD_CD, NAME) VALUES ('2', '1', '뷔페');
INSERT INTO "TRY"."PROD_TP_TBL" (PROD_TP_CD, PROD_CD, NAME) VALUES ('3', '1', '음료');
INSERT INTO "TRY"."PROD_TP_TBL" (PROD_TP_CD, PROD_CD, NAME) VALUES ('4', '2', '본식');
INSERT INTO "TRY"."PROD_TP_TBL" (PROD_TP_CD, PROD_CD, NAME) VALUES ('5', '2', '본식 DVD');
INSERT INTO "TRY"."PROD_TP_TBL" (PROD_TP_CD, PROD_CD, NAME) VALUES ('6', '3', '드레스');
INSERT INTO "TRY"."PROD_TP_TBL" (PROD_TP_CD, PROD_CD, NAME) VALUES ('7', '3', '왕관');
INSERT INTO "TRY"."PROD_TP_TBL" (PROD_TP_CD, PROD_CD, NAME) VALUES ('8', '3', '구두');
INSERT INTO "TRY"."PROD_TP_TBL" (PROD_TP_CD, PROD_CD, NAME) VALUES ('9', '4', '신부 화장');
INSERT INTO "TRY"."PROD_TP_TBL" (PROD_TP_CD, PROD_CD, NAME) VALUES ('10', '4', '신랑 화장');
INSERT INTO "TRY"."PROD_TP_TBL" (PROD_TP_CD, PROD_CD, NAME) VALUES ('11', '4', '아버지 화장');
INSERT INTO "TRY"."PROD_TP_TBL" (PROD_TP_CD, PROD_CD, NAME) VALUES ('12', '4', '어머니 화장');
INSERT INTO "TRY"."PROD_TP_TBL" (PROD_TP_CD, PROD_CD, NAME) VALUES ('13', '4', '꼬마 화장');
INSERT INTO "TRY"."PROD_TP_TBL" (PROD_TP_CD, PROD_CD, NAME) VALUES ('14', '5', '웨딩홀');
INSERT INTO "TRY"."PROD_TP_TBL" (PROD_TP_CD, PROD_CD, NAME) VALUES ('15', '5', '뷔페');
INSERT INTO "TRY"."PROD_TP_TBL" (PROD_TP_CD, PROD_CD, NAME) VALUES ('16', '5', '음료');
INSERT INTO "TRY"."PROD_TP_TBL" (PROD_TP_CD, PROD_CD, NAME) VALUES ('17', '5', '사회자');
INSERT INTO "TRY"."PROD_TP_TBL" (PROD_TP_CD, PROD_CD, NAME) VALUES ('18', '5', '주례자');
INSERT INTO "TRY"."PROD_TP_TBL" (PROD_TP_CD, PROD_CD, NAME) VALUES ('19', '5', '축가');
INSERT INTO "TRY"."PROD_TP_TBL" (PROD_TP_CD, PROD_CD, NAME) VALUES ('20', '5', '기타');

-- 20. 상세 상품 테이블
INSERT INTO "TRY"."DTL_PROD_TBL" (DTL_PROD_CD, PROD_TP_CD, NAME, PRC) VALUES ('1', '1', '브론즈 홀', '1000000');
INSERT INTO "TRY"."DTL_PROD_TBL" (DTL_PROD_CD, PROD_TP_CD, NAME, PRC) VALUES ('2', '1', '실버 홀', '1500000');
INSERT INTO "TRY"."DTL_PROD_TBL" (DTL_PROD_CD, PROD_TP_CD, NAME, PRC) VALUES ('3', '1', '골드 홀', '2000000');
INSERT INTO "TRY"."DTL_PROD_TBL" (DTL_PROD_CD, PROD_TP_CD, NAME, PRC) VALUES ('4', '2', '한식', '30000');
INSERT INTO "TRY"."DTL_PROD_TBL" (DTL_PROD_CD, PROD_TP_CD, NAME, PRC) VALUES ('5', '2', '중식', '35000');
INSERT INTO "TRY"."DTL_PROD_TBL" (DTL_PROD_CD, PROD_TP_CD, NAME, PRC) VALUES ('6', '2', '일식', '40000');
INSERT INTO "TRY"."DTL_PROD_TBL" (DTL_PROD_CD, PROD_TP_CD, NAME, PRC) VALUES ('7', '2', '양식', '50000');
INSERT INTO "TRY"."DTL_PROD_TBL" (DTL_PROD_CD, PROD_TP_CD, NAME, PRC) VALUES ('8', '3', '콜라', '1000');
INSERT INTO "TRY"."DTL_PROD_TBL" (DTL_PROD_CD, PROD_TP_CD, NAME, PRC) VALUES ('9', '3', '사이다', '1000');
INSERT INTO "TRY"."DTL_PROD_TBL" (DTL_PROD_CD, PROD_TP_CD, NAME, PRC) VALUES ('10', '3', '소주', '4000');
INSERT INTO "TRY"."DTL_PROD_TBL" (DTL_PROD_CD, PROD_TP_CD, NAME, PRC) VALUES ('11', '3', '맥주', '5000');
INSERT INTO "TRY"."DTL_PROD_TBL" (DTL_PROD_CD, PROD_TP_CD, NAME, PRC) VALUES ('12', '4', '원판', '100000');
INSERT INTO "TRY"."DTL_PROD_TBL" (DTL_PROD_CD, PROD_TP_CD, NAME, PRC) VALUES ('13', '4', '스냅', '200000');
INSERT INTO "TRY"."DTL_PROD_TBL" (DTL_PROD_CD, PROD_TP_CD, NAME, PRC) VALUES ('14', '4', '혼주', '300000');
INSERT INTO "TRY"."DTL_PROD_TBL" (DTL_PROD_CD, PROD_TP_CD, NAME, PRC) VALUES ('15', '5', '촬영 및 제작', '100000');
INSERT INTO "TRY"."DTL_PROD_TBL" (DTL_PROD_CD, PROD_TP_CD, NAME, PRC) VALUES ('16', '6', '화사한 드레스', '1000000');
INSERT INTO "TRY"."DTL_PROD_TBL" (DTL_PROD_CD, PROD_TP_CD, NAME, PRC) VALUES ('17', '6', '뷰티한 드레스', '1500000');
INSERT INTO "TRY"."DTL_PROD_TBL" (DTL_PROD_CD, PROD_TP_CD, NAME, PRC) VALUES ('18', '6', '더러운 드레스', '500000');
INSERT INTO "TRY"."DTL_PROD_TBL" (DTL_PROD_CD, PROD_TP_CD, NAME, PRC) VALUES ('19', '6', '망사 드레스', '750000');
INSERT INTO "TRY"."DTL_PROD_TBL" (DTL_PROD_CD, PROD_TP_CD, NAME, PRC) VALUES ('20', '7', '화사한 왕관', '100000');
INSERT INTO "TRY"."DTL_PROD_TBL" (DTL_PROD_CD, PROD_TP_CD, NAME, PRC) VALUES ('21', '7', '뷰티한 왕관', '150000');
INSERT INTO "TRY"."DTL_PROD_TBL" (DTL_PROD_CD, PROD_TP_CD, NAME, PRC) VALUES ('22', '7', '더러운 왕관', '50000');
INSERT INTO "TRY"."DTL_PROD_TBL" (DTL_PROD_CD, PROD_TP_CD, NAME, PRC) VALUES ('23', '7', '망사 왕관', '75000');
INSERT INTO "TRY"."DTL_PROD_TBL" (DTL_PROD_CD, PROD_TP_CD, NAME, PRC) VALUES ('24', '8', '화사한 구두', '100000');
INSERT INTO "TRY"."DTL_PROD_TBL" (DTL_PROD_CD, PROD_TP_CD, NAME, PRC) VALUES ('25', '8', '뷰티한 구두', '150000');
INSERT INTO "TRY"."DTL_PROD_TBL" (DTL_PROD_CD, PROD_TP_CD, NAME, PRC) VALUES ('26', '8', '더러운 구두', '50000');
INSERT INTO "TRY"."DTL_PROD_TBL" (DTL_PROD_CD, PROD_TP_CD, NAME, PRC) VALUES ('27', '8', '망사 구두', '75000');
INSERT INTO "TRY"."DTL_PROD_TBL" (DTL_PROD_CD, PROD_TP_CD, NAME, PRC) VALUES ('28', '9', '뷰티한 화장', '1000000');
INSERT INTO "TRY"."DTL_PROD_TBL" (DTL_PROD_CD, PROD_TP_CD, NAME, PRC) VALUES ('29', '9', '화사한 화장', '1500000');
INSERT INTO "TRY"."DTL_PROD_TBL" (DTL_PROD_CD, PROD_TP_CD, NAME, PRC) VALUES ('30', '10', '간지 화장', '1000000');
INSERT INTO "TRY"."DTL_PROD_TBL" (DTL_PROD_CD, PROD_TP_CD, NAME, PRC) VALUES ('31', '10', '뽀대 화장', '1500000');
INSERT INTO "TRY"."DTL_PROD_TBL" (DTL_PROD_CD, PROD_TP_CD, NAME, PRC) VALUES ('32', '11', '간지 화장', '1000000');
INSERT INTO "TRY"."DTL_PROD_TBL" (DTL_PROD_CD, PROD_TP_CD, NAME, PRC) VALUES ('33', '11', '뽀대 화장', '1500000');
INSERT INTO "TRY"."DTL_PROD_TBL" (DTL_PROD_CD, PROD_TP_CD, NAME, PRC) VALUES ('34', '12', '뷰티한 화장', '1000000');
INSERT INTO "TRY"."DTL_PROD_TBL" (DTL_PROD_CD, PROD_TP_CD, NAME, PRC) VALUES ('35', '12', '화사한 화장', '1500000');
INSERT INTO "TRY"."DTL_PROD_TBL" (DTL_PROD_CD, PROD_TP_CD, NAME, PRC) VALUES ('36', '13', '큐티한 화장', '1000000');
INSERT INTO "TRY"."DTL_PROD_TBL" (DTL_PROD_CD, PROD_TP_CD, NAME, PRC) VALUES ('37', '14', '브론즈 홀', '1000000');
INSERT INTO "TRY"."DTL_PROD_TBL" (DTL_PROD_CD, PROD_TP_CD, NAME, PRC) VALUES ('38', '14', '실버 홀', '1500000');
INSERT INTO "TRY"."DTL_PROD_TBL" (DTL_PROD_CD, PROD_TP_CD, NAME, PRC) VALUES ('39', '14', '골드 홀', '2000000');
INSERT INTO "TRY"."DTL_PROD_TBL" (DTL_PROD_CD, PROD_TP_CD, NAME, PRC) VALUES ('40', '15', '한식', '30000');
INSERT INTO "TRY"."DTL_PROD_TBL" (DTL_PROD_CD, PROD_TP_CD, NAME, PRC) VALUES ('41', '15', '중식', '35000');
INSERT INTO "TRY"."DTL_PROD_TBL" (DTL_PROD_CD, PROD_TP_CD, NAME, PRC) VALUES ('42', '15', '일식', '40000');
INSERT INTO "TRY"."DTL_PROD_TBL" (DTL_PROD_CD, PROD_TP_CD, NAME, PRC) VALUES ('43', '15', '양식', '50000');
INSERT INTO "TRY"."DTL_PROD_TBL" (DTL_PROD_CD, PROD_TP_CD, NAME, PRC) VALUES ('44', '16', '콜라', '1000');
INSERT INTO "TRY"."DTL_PROD_TBL" (DTL_PROD_CD, PROD_TP_CD, NAME, PRC) VALUES ('45', '16', '사이다', '1000');
INSERT INTO "TRY"."DTL_PROD_TBL" (DTL_PROD_CD, PROD_TP_CD, NAME, PRC) VALUES ('46', '16', '소주', '4000');
INSERT INTO "TRY"."DTL_PROD_TBL" (DTL_PROD_CD, PROD_TP_CD, NAME, PRC) VALUES ('47', '16', '맥주', '5000');
INSERT INTO "TRY"."DTL_PROD_TBL" (DTL_PROD_CD, PROD_TP_CD, NAME, PRC) VALUES ('48', '17', '유재석 사회자', '1000000');
INSERT INTO "TRY"."DTL_PROD_TBL" (DTL_PROD_CD, PROD_TP_CD, NAME, PRC) VALUES ('49', '17', '장동민 사회자', '1000000');
INSERT INTO "TRY"."DTL_PROD_TBL" (DTL_PROD_CD, PROD_TP_CD, NAME, PRC) VALUES ('50', '18', '목사 주례자', '500000');
INSERT INTO "TRY"."DTL_PROD_TBL" (DTL_PROD_CD, PROD_TP_CD, NAME, PRC) VALUES ('51', '18', '스님 주례자', '500000');
INSERT INTO "TRY"."DTL_PROD_TBL" (DTL_PROD_CD, PROD_TP_CD, NAME, PRC) VALUES ('52', '19', '엑소 축가', '10000000');
INSERT INTO "TRY"."DTL_PROD_TBL" (DTL_PROD_CD, PROD_TP_CD, NAME, PRC) VALUES ('53', '19', '양파 축가', '5000000');
INSERT INTO "TRY"."DTL_PROD_TBL" (DTL_PROD_CD, PROD_TP_CD, NAME, PRC) VALUES ('54', '20', '레드카펫', '100000');
INSERT INTO "TRY"."DTL_PROD_TBL" (DTL_PROD_CD, PROD_TP_CD, NAME, PRC) VALUES ('55', '20', '블루카펫', '50000');


-- 21. 이미지 테이블
INSERT INTO "TRY"."IMG_TBL" (IMG_CD, DTL_PROD_CD, PTH) VALUES ('1', '1', 'http://goo.gl/YlF7vU');
INSERT INTO "TRY"."IMG_TBL" (IMG_CD, DTL_PROD_CD, PTH) VALUES ('2', '1', 'http://goo.gl/YlF7vU');
INSERT INTO "TRY"."IMG_TBL" (IMG_CD, DTL_PROD_CD, PTH) VALUES ('3', '2', 'http://goo.gl/YlF7vU');
INSERT INTO "TRY"."IMG_TBL" (IMG_CD, DTL_PROD_CD, PTH) VALUES ('4', '2', 'http://goo.gl/YlF7vU');
INSERT INTO "TRY"."IMG_TBL" (IMG_CD, DTL_PROD_CD, PTH) VALUES ('5', '3', 'http://goo.gl/YlF7vU');
INSERT INTO "TRY"."IMG_TBL" (IMG_CD, DTL_PROD_CD, PTH) VALUES ('6', '3', 'http://goo.gl/YlF7vU');
INSERT INTO "TRY"."IMG_TBL" (IMG_CD, DTL_PROD_CD, PTH) VALUES ('7', '4', 'http://goo.gl/YlF7vU');
INSERT INTO "TRY"."IMG_TBL" (IMG_CD, DTL_PROD_CD, PTH) VALUES ('8', '4', 'http://goo.gl/YlF7vU');
INSERT INTO "TRY"."IMG_TBL" (IMG_CD, DTL_PROD_CD, PTH) VALUES ('9', '5', 'http://goo.gl/YlF7vU');
INSERT INTO "TRY"."IMG_TBL" (IMG_CD, DTL_PROD_CD, PTH) VALUES ('10', '5', 'http://goo.gl/YlF7vU');
INSERT INTO "TRY"."IMG_TBL" (IMG_CD, DTL_PROD_CD, PTH) VALUES ('11', '6', 'http://goo.gl/YlF7vU');
INSERT INTO "TRY"."IMG_TBL" (IMG_CD, DTL_PROD_CD, PTH) VALUES ('12', '6', 'http://goo.gl/YlF7vU');
INSERT INTO "TRY"."IMG_TBL" (IMG_CD, DTL_PROD_CD, PTH) VALUES ('13', '7', 'http://goo.gl/YlF7vU');
INSERT INTO "TRY"."IMG_TBL" (IMG_CD, DTL_PROD_CD, PTH) VALUES ('14', '7', 'http://goo.gl/YlF7vU');
INSERT INTO "TRY"."IMG_TBL" (IMG_CD, DTL_PROD_CD, PTH) VALUES ('15', '8', 'http://goo.gl/YlF7vU');
INSERT INTO "TRY"."IMG_TBL" (IMG_CD, DTL_PROD_CD, PTH) VALUES ('16', '8', 'http://goo.gl/YlF7vU');
INSERT INTO "TRY"."IMG_TBL" (IMG_CD, DTL_PROD_CD, PTH) VALUES ('17', '9', 'http://goo.gl/YlF7vU');
INSERT INTO "TRY"."IMG_TBL" (IMG_CD, DTL_PROD_CD, PTH) VALUES ('18', '9', 'http://goo.gl/YlF7vU');
INSERT INTO "TRY"."IMG_TBL" (IMG_CD, DTL_PROD_CD, PTH) VALUES ('19', '10', 'http://goo.gl/YlF7vU');
INSERT INTO "TRY"."IMG_TBL" (IMG_CD, DTL_PROD_CD, PTH) VALUES ('20', '10', 'http://goo.gl/YlF7vU');
INSERT INTO "TRY"."IMG_TBL" (IMG_CD, DTL_PROD_CD, PTH) VALUES ('21', '11', 'http://goo.gl/YlF7vU');
INSERT INTO "TRY"."IMG_TBL" (IMG_CD, DTL_PROD_CD, PTH) VALUES ('22', '11', 'http://goo.gl/YlF7vU');
INSERT INTO "TRY"."IMG_TBL" (IMG_CD, DTL_PROD_CD, PTH) VALUES ('23', '12', 'http://goo.gl/YlF7vU');
INSERT INTO "TRY"."IMG_TBL" (IMG_CD, DTL_PROD_CD, PTH) VALUES ('24', '12', 'http://goo.gl/YlF7vU');
INSERT INTO "TRY"."IMG_TBL" (IMG_CD, DTL_PROD_CD, PTH) VALUES ('25', '13', 'http://goo.gl/YlF7vU');
INSERT INTO "TRY"."IMG_TBL" (IMG_CD, DTL_PROD_CD, PTH) VALUES ('26', '13', 'http://goo.gl/YlF7vU');
INSERT INTO "TRY"."IMG_TBL" (IMG_CD, DTL_PROD_CD, PTH) VALUES ('27', '14', 'http://goo.gl/YlF7vU');
INSERT INTO "TRY"."IMG_TBL" (IMG_CD, DTL_PROD_CD, PTH) VALUES ('28', '14', 'http://goo.gl/YlF7vU');
INSERT INTO "TRY"."IMG_TBL" (IMG_CD, DTL_PROD_CD, PTH) VALUES ('29', '15', 'http://goo.gl/YlF7vU');
INSERT INTO "TRY"."IMG_TBL" (IMG_CD, DTL_PROD_CD, PTH) VALUES ('30', '15', 'http://goo.gl/YlF7vU');
INSERT INTO "TRY"."IMG_TBL" (IMG_CD, DTL_PROD_CD, PTH) VALUES ('31', '16', 'http://goo.gl/YlF7vU');
INSERT INTO "TRY"."IMG_TBL" (IMG_CD, DTL_PROD_CD, PTH) VALUES ('32', '16', 'http://goo.gl/YlF7vU');
INSERT INTO "TRY"."IMG_TBL" (IMG_CD, DTL_PROD_CD, PTH) VALUES ('33', '17', 'http://goo.gl/YlF7vU');
INSERT INTO "TRY"."IMG_TBL" (IMG_CD, DTL_PROD_CD, PTH) VALUES ('34', '17', 'http://goo.gl/YlF7vU');
INSERT INTO "TRY"."IMG_TBL" (IMG_CD, DTL_PROD_CD, PTH) VALUES ('35', '18', 'http://goo.gl/YlF7vU');
INSERT INTO "TRY"."IMG_TBL" (IMG_CD, DTL_PROD_CD, PTH) VALUES ('36', '18', 'http://goo.gl/YlF7vU');
INSERT INTO "TRY"."IMG_TBL" (IMG_CD, DTL_PROD_CD, PTH) VALUES ('37', '19', 'http://goo.gl/YlF7vU');
INSERT INTO "TRY"."IMG_TBL" (IMG_CD, DTL_PROD_CD, PTH) VALUES ('38', '19', 'http://goo.gl/YlF7vU');
INSERT INTO "TRY"."IMG_TBL" (IMG_CD, DTL_PROD_CD, PTH) VALUES ('39', '20', 'http://goo.gl/YlF7vU');
INSERT INTO "TRY"."IMG_TBL" (IMG_CD, DTL_PROD_CD, PTH) VALUES ('40', '20', 'http://goo.gl/YlF7vU');
INSERT INTO "TRY"."IMG_TBL" (IMG_CD, DTL_PROD_CD, PTH) VALUES ('41', '21', 'http://goo.gl/YlF7vU');
INSERT INTO "TRY"."IMG_TBL" (IMG_CD, DTL_PROD_CD, PTH) VALUES ('42', '21', 'http://goo.gl/YlF7vU');
INSERT INTO "TRY"."IMG_TBL" (IMG_CD, DTL_PROD_CD, PTH) VALUES ('43', '22', 'http://goo.gl/YlF7vU');
INSERT INTO "TRY"."IMG_TBL" (IMG_CD, DTL_PROD_CD, PTH) VALUES ('44', '22', 'http://goo.gl/YlF7vU');
INSERT INTO "TRY"."IMG_TBL" (IMG_CD, DTL_PROD_CD, PTH) VALUES ('45', '23', 'http://goo.gl/YlF7vU');
INSERT INTO "TRY"."IMG_TBL" (IMG_CD, DTL_PROD_CD, PTH) VALUES ('46', '23', 'http://goo.gl/YlF7vU');
INSERT INTO "TRY"."IMG_TBL" (IMG_CD, DTL_PROD_CD, PTH) VALUES ('47', '24', 'http://goo.gl/YlF7vU');
INSERT INTO "TRY"."IMG_TBL" (IMG_CD, DTL_PROD_CD, PTH) VALUES ('48', '24', 'http://goo.gl/YlF7vU');
INSERT INTO "TRY"."IMG_TBL" (IMG_CD, DTL_PROD_CD, PTH) VALUES ('49', '25', 'http://goo.gl/YlF7vU');
INSERT INTO "TRY"."IMG_TBL" (IMG_CD, DTL_PROD_CD, PTH) VALUES ('50', '25', 'http://goo.gl/YlF7vU');
INSERT INTO "TRY"."IMG_TBL" (IMG_CD, DTL_PROD_CD, PTH) VALUES ('51', '26', 'http://goo.gl/YlF7vU');
INSERT INTO "TRY"."IMG_TBL" (IMG_CD, DTL_PROD_CD, PTH) VALUES ('52', '26', 'http://goo.gl/YlF7vU');
INSERT INTO "TRY"."IMG_TBL" (IMG_CD, DTL_PROD_CD, PTH) VALUES ('53', '27', 'http://goo.gl/YlF7vU');
INSERT INTO "TRY"."IMG_TBL" (IMG_CD, DTL_PROD_CD, PTH) VALUES ('54', '27', 'http://goo.gl/YlF7vU');
INSERT INTO "TRY"."IMG_TBL" (IMG_CD, DTL_PROD_CD, PTH) VALUES ('55', '28', 'http://goo.gl/YlF7vU');
INSERT INTO "TRY"."IMG_TBL" (IMG_CD, DTL_PROD_CD, PTH) VALUES ('56', '28', 'http://goo.gl/YlF7vU');
INSERT INTO "TRY"."IMG_TBL" (IMG_CD, DTL_PROD_CD, PTH) VALUES ('57', '29', 'http://goo.gl/YlF7vU');
INSERT INTO "TRY"."IMG_TBL" (IMG_CD, DTL_PROD_CD, PTH) VALUES ('58', '29', 'http://goo.gl/YlF7vU');
INSERT INTO "TRY"."IMG_TBL" (IMG_CD, DTL_PROD_CD, PTH) VALUES ('59', '30', 'http://goo.gl/YlF7vU');
INSERT INTO "TRY"."IMG_TBL" (IMG_CD, DTL_PROD_CD, PTH) VALUES ('60', '30', 'http://goo.gl/YlF7vU');
INSERT INTO "TRY"."IMG_TBL" (IMG_CD, DTL_PROD_CD, PTH) VALUES ('61', '31', 'http://goo.gl/YlF7vU');
INSERT INTO "TRY"."IMG_TBL" (IMG_CD, DTL_PROD_CD, PTH) VALUES ('62', '31', 'http://goo.gl/YlF7vU');
INSERT INTO "TRY"."IMG_TBL" (IMG_CD, DTL_PROD_CD, PTH) VALUES ('63', '32', 'http://goo.gl/YlF7vU');
INSERT INTO "TRY"."IMG_TBL" (IMG_CD, DTL_PROD_CD, PTH) VALUES ('64', '32', 'http://goo.gl/YlF7vU');
INSERT INTO "TRY"."IMG_TBL" (IMG_CD, DTL_PROD_CD, PTH) VALUES ('65', '33', 'http://goo.gl/YlF7vU');
INSERT INTO "TRY"."IMG_TBL" (IMG_CD, DTL_PROD_CD, PTH) VALUES ('66', '33', 'http://goo.gl/YlF7vU');
INSERT INTO "TRY"."IMG_TBL" (IMG_CD, DTL_PROD_CD, PTH) VALUES ('67', '34', 'http://goo.gl/YlF7vU');
INSERT INTO "TRY"."IMG_TBL" (IMG_CD, DTL_PROD_CD, PTH) VALUES ('68', '34', 'http://goo.gl/YlF7vU');
INSERT INTO "TRY"."IMG_TBL" (IMG_CD, DTL_PROD_CD, PTH) VALUES ('69', '35', 'http://goo.gl/YlF7vU');
INSERT INTO "TRY"."IMG_TBL" (IMG_CD, DTL_PROD_CD, PTH) VALUES ('70', '35', 'http://goo.gl/YlF7vU');
INSERT INTO "TRY"."IMG_TBL" (IMG_CD, DTL_PROD_CD, PTH) VALUES ('71', '36', 'http://goo.gl/YlF7vU');
INSERT INTO "TRY"."IMG_TBL" (IMG_CD, DTL_PROD_CD, PTH) VALUES ('72', '36', 'http://goo.gl/YlF7vU');
INSERT INTO "TRY"."IMG_TBL" (IMG_CD, DTL_PROD_CD, PTH) VALUES ('73', '37', 'http://goo.gl/YlF7vU');
INSERT INTO "TRY"."IMG_TBL" (IMG_CD, DTL_PROD_CD, PTH) VALUES ('74', '37', 'http://goo.gl/YlF7vU');
INSERT INTO "TRY"."IMG_TBL" (IMG_CD, DTL_PROD_CD, PTH) VALUES ('75', '38', 'http://goo.gl/YlF7vU');
INSERT INTO "TRY"."IMG_TBL" (IMG_CD, DTL_PROD_CD, PTH) VALUES ('76', '38', 'http://goo.gl/YlF7vU');
INSERT INTO "TRY"."IMG_TBL" (IMG_CD, DTL_PROD_CD, PTH) VALUES ('77', '39', 'http://goo.gl/YlF7vU');
INSERT INTO "TRY"."IMG_TBL" (IMG_CD, DTL_PROD_CD, PTH) VALUES ('78', '39', 'http://goo.gl/YlF7vU');
INSERT INTO "TRY"."IMG_TBL" (IMG_CD, DTL_PROD_CD, PTH) VALUES ('79', '40', 'http://goo.gl/YlF7vU');
INSERT INTO "TRY"."IMG_TBL" (IMG_CD, DTL_PROD_CD, PTH) VALUES ('80', '40', 'http://goo.gl/YlF7vU');
INSERT INTO "TRY"."IMG_TBL" (IMG_CD, DTL_PROD_CD, PTH) VALUES ('81', '41', 'http://goo.gl/YlF7vU');
INSERT INTO "TRY"."IMG_TBL" (IMG_CD, DTL_PROD_CD, PTH) VALUES ('82', '41', 'http://goo.gl/YlF7vU');
INSERT INTO "TRY"."IMG_TBL" (IMG_CD, DTL_PROD_CD, PTH) VALUES ('83', '42', 'http://goo.gl/YlF7vU');
INSERT INTO "TRY"."IMG_TBL" (IMG_CD, DTL_PROD_CD, PTH) VALUES ('84', '42', 'http://goo.gl/YlF7vU');
INSERT INTO "TRY"."IMG_TBL" (IMG_CD, DTL_PROD_CD, PTH) VALUES ('85', '43', 'http://goo.gl/YlF7vU');
INSERT INTO "TRY"."IMG_TBL" (IMG_CD, DTL_PROD_CD, PTH) VALUES ('86', '43', 'http://goo.gl/YlF7vU');
INSERT INTO "TRY"."IMG_TBL" (IMG_CD, DTL_PROD_CD, PTH) VALUES ('87', '44', 'http://goo.gl/YlF7vU');
INSERT INTO "TRY"."IMG_TBL" (IMG_CD, DTL_PROD_CD, PTH) VALUES ('88', '44', 'http://goo.gl/YlF7vU');
INSERT INTO "TRY"."IMG_TBL" (IMG_CD, DTL_PROD_CD, PTH) VALUES ('89', '45', 'http://goo.gl/YlF7vU');
INSERT INTO "TRY"."IMG_TBL" (IMG_CD, DTL_PROD_CD, PTH) VALUES ('90', '45', 'http://goo.gl/YlF7vU');
INSERT INTO "TRY"."IMG_TBL" (IMG_CD, DTL_PROD_CD, PTH) VALUES ('91', '46', 'http://goo.gl/YlF7vU');
INSERT INTO "TRY"."IMG_TBL" (IMG_CD, DTL_PROD_CD, PTH) VALUES ('92', '46', 'http://goo.gl/YlF7vU');
INSERT INTO "TRY"."IMG_TBL" (IMG_CD, DTL_PROD_CD, PTH) VALUES ('93', '47', 'http://goo.gl/YlF7vU');
INSERT INTO "TRY"."IMG_TBL" (IMG_CD, DTL_PROD_CD, PTH) VALUES ('94', '47', 'http://goo.gl/YlF7vU');
INSERT INTO "TRY"."IMG_TBL" (IMG_CD, DTL_PROD_CD, PTH) VALUES ('95', '48', 'http://goo.gl/YlF7vU');
INSERT INTO "TRY"."IMG_TBL" (IMG_CD, DTL_PROD_CD, PTH) VALUES ('96', '48', 'http://goo.gl/YlF7vU');
INSERT INTO "TRY"."IMG_TBL" (IMG_CD, DTL_PROD_CD, PTH) VALUES ('97', '49', 'http://goo.gl/YlF7vU');
INSERT INTO "TRY"."IMG_TBL" (IMG_CD, DTL_PROD_CD, PTH) VALUES ('98', '49', 'http://goo.gl/YlF7vU');
INSERT INTO "TRY"."IMG_TBL" (IMG_CD, DTL_PROD_CD, PTH) VALUES ('99', '50', 'http://goo.gl/YlF7vU');
INSERT INTO "TRY"."IMG_TBL" (IMG_CD, DTL_PROD_CD, PTH) VALUES ('100', '50', 'http://goo.gl/YlF7vU');
INSERT INTO "TRY"."IMG_TBL" (IMG_CD, DTL_PROD_CD, PTH) VALUES ('101', '51', 'http://goo.gl/YlF7vU');
INSERT INTO "TRY"."IMG_TBL" (IMG_CD, DTL_PROD_CD, PTH) VALUES ('102', '51', 'http://goo.gl/YlF7vU');
INSERT INTO "TRY"."IMG_TBL" (IMG_CD, DTL_PROD_CD, PTH) VALUES ('103', '52', 'http://goo.gl/YlF7vU');
INSERT INTO "TRY"."IMG_TBL" (IMG_CD, DTL_PROD_CD, PTH) VALUES ('104', '52', 'http://goo.gl/YlF7vU');
INSERT INTO "TRY"."IMG_TBL" (IMG_CD, DTL_PROD_CD, PTH) VALUES ('105', '53', 'http://goo.gl/YlF7vU');
INSERT INTO "TRY"."IMG_TBL" (IMG_CD, DTL_PROD_CD, PTH) VALUES ('106', '53', 'http://goo.gl/YlF7vU');
INSERT INTO "TRY"."IMG_TBL" (IMG_CD, DTL_PROD_CD, PTH) VALUES ('107', '54', 'http://goo.gl/YlF7vU');
INSERT INTO "TRY"."IMG_TBL" (IMG_CD, DTL_PROD_CD, PTH) VALUES ('108', '54', 'http://goo.gl/YlF7vU');
INSERT INTO "TRY"."IMG_TBL" (IMG_CD, DTL_PROD_CD, PTH) VALUES ('109', '55', 'http://goo.gl/YlF7vU');
INSERT INTO "TRY"."IMG_TBL" (IMG_CD, DTL_PROD_CD, PTH) VALUES ('110', '55', 'http://goo.gl/YlF7vU');


------------------------------ 회원 --------------------------------------------
-- 22. 성별 테이블 (GNDR_TBL)
INSERT INTO GNDR_TBL(GNDR_CD, CTNT) VALUES('1', '남자');
INSERT INTO GNDR_TBL(GNDR_CD, CTNT) VALUES('2', '여자');

-- 23. 회원 테이블 (USR_TBL)
INSERT INTO USR_TBL(USR_ID, GNDR_CD, NAME, PWD, EMAIL,TEL, BRTHDAY, ADDR_NO, ADDR1, ADDR2)
VALUES('KHT', '1', '김현태', 'abcd1234', 'kimhyuntae@naver.com', '010-1111-1111', TO_DATE('1991-01-11', 'YY-MM-DD'), '11111', '경기도 부천시 상동', '금호아파트 2401동 1202호');
INSERT INTO USR_TBL(USR_ID, GNDR_CD, NAME, PWD, EMAIL,TEL, BRTHDAY, ADDR_NO, ADDR1, ADDR2)
VALUES('JHS', '1', '정현석', 'abcd1234', 'jeonghyunseok@daum.net', '010-2222-2222', TO_DATE('1987-12-04', 'YY-MM-DD'), '22222', '경기도 오산시 갈곶동', '130-7번지');
INSERT INTO USR_TBL(USR_ID, GNDR_CD, NAME, PWD, EMAIL,TEL, BRTHDAY, ADDR_NO, ADDR1, ADDR2)
VALUES('KYJ', '1', '김영진', 'abcd1234', 'kimyoungjin@naver.com', '010-3333-3333', TO_DATE('1988-04-11', 'YY-MM-DD'), '33333', '전라남도 목포시 신흥동', '현대아파트 101동 803호');
INSERT INTO USR_TBL(USR_ID, GNDR_CD, NAME, PWD, EMAIL,TEL, BRTHDAY, ADDR_NO, ADDR1, ADDR2)
VALUES('LJH', '1', '이준환', 'abcd1234', 'leejoonhwan@gmail.com', '010-4444-4444', TO_DATE('1987-08-25', 'YY-MM-DD'), '44444', '서울시 성북구 장위로', '135길');
INSERT INTO USR_TBL(USR_ID, GNDR_CD, NAME, PWD, EMAIL,TEL, BRTHDAY, ADDR_NO, ADDR1, ADDR2)
VALUES('LAR', '1', '이아름', 'abcd1234', 'leeareum@gmail.com', '010-5555-5555', TO_DATE('1989-11-01', 'YY-MM-DD'), '55555', '경기도 성남시 수정구 태평동', '1701번지');


-- 24. 회원 1차 경고 테이블
INSERT INTO USR_WAR1_TBL(USR_ID, CTNT) VALUES ('KHT', '불건전한 QNA 글 게시 경고 1회');
INSERT INTO USR_WAR1_TBL(USR_ID, CTNT) VALUES ('JHS', '불건전한 QNA 글 게시 경고 1회');
INSERT INTO USR_WAR1_TBL(USR_ID, CTNT) VALUES ('KYJ', '불건전한 QNA 글 게시 경고 1회');
INSERT INTO USR_WAR1_TBL(USR_ID, CTNT) VALUES ('LJH', '불건전한 QNA 글 게시 경고 1회');


-- 25. 회원 2차 경고 테이블
INSERT INTO USR_WAR2_TBL(USR_ID, CTNT) VALUES ('KHT', '불건전한 QNA 글 게시 경고 2회');
INSERT INTO USR_WAR2_TBL(USR_ID, CTNT) VALUES ('JHS', '불건전한 QNA 글 게시 경고 2회');


-- 26. 회원 기업 3차 경고 테이블
INSERT INTO USR_WAR3_TBL(USR_ID, CTNT) VALUES ('KHT', '불건전한 QNA 글 게시 경고 3회');

-- 27. 탈퇴 테이블 (WTDRL_TBL)
INSERT INTO WTDRL_TBL(WTDRL_CD, USR_ID, CTNT, DT)
VALUES('1', 'KHT', '다양한 상품이 없네요..', SYSDATE);

-- 28. 회원 QNA 테이블 (QUSR_TBL)
INSERT INTO QUSR_TBL(USR_QNA_CD, USR_ID, SBJCT, CTNT, DT, PWD)
VALUES('1', 'KHT', 'QNA 제목', 'QNA 내용', SYSDATE, '1234');
INSERT INTO QUSR_TBL(USR_QNA_CD, USR_ID, SBJCT, CTNT, DT)
VALUES('2', 'KHT', 'QNA 제목', 'QNA 내용', SYSDATE);
INSERT INTO QUSR_TBL(USR_QNA_CD, USR_ID, SBJCT, CTNT, DT)
VALUES('3', 'KHT', 'QNA 제목', 'QNA 내용', SYSDATE);
INSERT INTO QUSR_TBL(USR_QNA_CD, USR_ID, SBJCT, CTNT, DT, PWD)
VALUES('4', 'JHS', 'QNA 제목', 'QNA 내용', SYSDATE, '1234');
INSERT INTO QUSR_TBL(USR_QNA_CD, USR_ID, SBJCT, CTNT, DT)
VALUES('5', 'JHS', 'QNA 제목', 'QNA 내용', SYSDATE);
INSERT INTO QUSR_TBL(USR_QNA_CD, USR_ID, SBJCT, CTNT, DT)
VALUES('6', 'JHS', 'QNA 제목', 'QNA 내용', SYSDATE);
INSERT INTO QUSR_TBL(USR_QNA_CD, USR_ID, SBJCT, CTNT, DT, PWD)
VALUES('7', 'KYJ', 'QNA 제목', 'QNA 내용', SYSDATE, '1234');
INSERT INTO QUSR_TBL(USR_QNA_CD, USR_ID, SBJCT, CTNT, DT)
VALUES('8', 'KYJ', 'QNA 제목', 'QNA 내용', SYSDATE);
INSERT INTO QUSR_TBL(USR_QNA_CD, USR_ID, SBJCT, CTNT, DT)
VALUES('9', 'KYJ', 'QNA 제목', 'QNA 내용', SYSDATE);
INSERT INTO QUSR_TBL(USR_QNA_CD, USR_ID, SBJCT, CTNT, DT, PWD)
VALUES('10', 'LJH', 'QNA 제목', 'QNA 내용', SYSDATE, '1234');
INSERT INTO QUSR_TBL(USR_QNA_CD, USR_ID, SBJCT, CTNT, DT)
VALUES('11', 'LJH', 'QNA 제목', 'QNA 내용', SYSDATE);
INSERT INTO QUSR_TBL(USR_QNA_CD, USR_ID, SBJCT, CTNT, DT)
VALUES('12', 'LJH', 'QNA 제목', 'QNA 내용', SYSDATE);
INSERT INTO QUSR_TBL(USR_QNA_CD, USR_ID, SBJCT, CTNT, DT, PWD)
VALUES('13', 'LAR', 'QNA 제목', 'QNA 내용', SYSDATE, '1234');
INSERT INTO QUSR_TBL(USR_QNA_CD, USR_ID, SBJCT, CTNT, DT)
VALUES('14', 'LAR', 'QNA 제목', 'QNA 내용', SYSDATE);
INSERT INTO QUSR_TBL(USR_QNA_CD, USR_ID, SBJCT, CTNT, DT)
VALUES('15', 'LAR', 'QNA 제목', 'QNA 내용', SYSDATE);


-- 29. QNA 관리자-회원 댓글 테이블 (QAU_CMT_TBL)
INSERT INTO QAU_CMT_TBL(USR_ADMIN_CMT_CD, USR_QNA_CD, ADMIN_CD, CTNT, DT) 
VALUES ('1', '1', 'admin', '그 문제는 말입니다...', SYSDATE);
INSERT INTO QAU_CMT_TBL(USR_ADMIN_CMT_CD, USR_QNA_CD, ADMIN_CD, CTNT, DT) 
VALUES ('2', '2', 'admin', '그 문제는 말입니다...', SYSDATE);

-- 30. 결과 테이블 (RST_TBL)
INSERT INTO "TRY"."RST_TBL" (RST_CD, CTNT) VALUES ('1', '대기');
INSERT INTO "TRY"."RST_TBL" (RST_CD, CTNT) VALUES ('2', '취소');
INSERT INTO "TRY"."RST_TBL" (RST_CD, CTNT) VALUES ('3', '완료');


-- 31. 상담 테이블 (ADV_TBL)
INSERT INTO "TRY"."ADV_TBL" (ADV_CD, USR_ID, PROD_CD, RST_CD, CTNT, DT) VALUES ('1', 'KHT', '1', '1', '상담 문의 내용1', SYSDATE);
INSERT INTO "TRY"."ADV_TBL" (ADV_CD, USR_ID, PROD_CD, RST_CD, CTNT, DT) VALUES ('2', 'JHS', '1', '1', '상담 문의 내용2', SYSDATE);
INSERT INTO "TRY"."ADV_TBL" (ADV_CD, USR_ID, PROD_CD, RST_CD, CTNT, DT) VALUES ('3', 'KYJ', '2', '1', '상담 문의 내용3', SYSDATE);
INSERT INTO "TRY"."ADV_TBL" (ADV_CD, USR_ID, PROD_CD, RST_CD, CTNT, DT) VALUES ('4', 'LJH', '2', '1', '상담 문의 내용4', SYSDATE);
INSERT INTO "TRY"."ADV_TBL" (ADV_CD, USR_ID, PROD_CD, RST_CD, CTNT, DT) VALUES ('5', 'LAR', '3', '2', '상담 문의 내용5', SYSDATE);
INSERT INTO "TRY"."ADV_TBL" (ADV_CD, USR_ID, PROD_CD, RST_CD, CTNT, DT) VALUES ('6', 'KHT', '3', '2', '상담 문의 내용6', SYSDATE);
INSERT INTO "TRY"."ADV_TBL" (ADV_CD, USR_ID, PROD_CD, RST_CD, CTNT, DT) VALUES ('7', 'KYJ', '4', '2', '상담 문의 내용7', SYSDATE);
INSERT INTO "TRY"."ADV_TBL" (ADV_CD, USR_ID, PROD_CD, RST_CD, CTNT, DT) VALUES ('8', 'LJH', '4', '2', '상담 문의 내용8', SYSDATE);
INSERT INTO "TRY"."ADV_TBL" (ADV_CD, USR_ID, PROD_CD, RST_CD, CTNT, DT) VALUES ('9', 'KHT', '4', '3', '상담 문의 내용9', SYSDATE);
INSERT INTO "TRY"."ADV_TBL" (ADV_CD, USR_ID, PROD_CD, RST_CD, CTNT, DT) VALUES ('10', 'JHS', '4', '3', '상담 문의 내용10', SYSDATE);
INSERT INTO "TRY"."ADV_TBL" (ADV_CD, USR_ID, PROD_CD, RST_CD, CTNT, DT) VALUES ('11', 'LAR', '4', '3', '상담 문의 내용11', SYSDATE);
INSERT INTO "TRY"."ADV_TBL" (ADV_CD, USR_ID, PROD_CD, RST_CD, CTNT, DT) VALUES ('12', 'KYJ', '4', '3', '상담 문의 내용12', SYSDATE);

-- 32. 상담 댓글 테이블 (ADV_CMT_TBL)
INSERT INTO ADV_CMT_TBL(ADV_CMT_CD, ADV_CD, CTNT, DT)
VALUES('1', '1', '문의답변1', SYSDATE);
INSERT INTO ADV_CMT_TBL(ADV_CMT_CD, ADV_CD, CTNT, DT)
VALUES('2', '2', '문의답변2', SYSDATE);
INSERT INTO ADV_CMT_TBL(ADV_CMT_CD, ADV_CD, CTNT, DT)
VALUES('3', '3', '문의답변3', SYSDATE);
INSERT INTO ADV_CMT_TBL(ADV_CMT_CD, ADV_CD, CTNT, DT)
VALUES('4', '4', '문의답변4', SYSDATE);

-- 33. 견적 테이블 (EST_TBL)
INSERT INTO "TRY"."EST_TBL" (EST_CD, USR_ID, PROD_CD, PRC) VALUES ('1', 'KHT', '1', '15000000');
INSERT INTO "TRY"."EST_TBL" (EST_CD, USR_ID, PROD_CD, PRC) VALUES ('2', 'KHT', '2', '1000000');
INSERT INTO "TRY"."EST_TBL" (EST_CD, USR_ID, PROD_CD, PRC) VALUES ('3', 'KHT', '3', '2000000');
INSERT INTO "TRY"."EST_TBL" (EST_CD, USR_ID, PROD_CD, PRC) VALUES ('4', 'KHT', '4', '3000000');
INSERT INTO "TRY"."EST_TBL" (EST_CD, USR_ID, PROD_CD, PRC) VALUES ('5', 'JHS', '1', '20000000');
INSERT INTO "TRY"."EST_TBL" (EST_CD, USR_ID, PROD_CD, PRC) VALUES ('6', 'JHS', '2', '4000000');
INSERT INTO "TRY"."EST_TBL" (EST_CD, USR_ID, PROD_CD, PRC) VALUES ('7', 'JHS', '3', '5000000');
INSERT INTO "TRY"."EST_TBL" (EST_CD, USR_ID, PROD_CD, PRC) VALUES ('8', 'JHS', '4', '6000000');

-- 34. 예약 테이블 (RSVTN_TBL)
INSERT INTO "TRY"."RSVTN_TBL" (RSVTN_CD, USR_ID, PROD_CD, RST_CD, DAY, VST, INQY) VALUES ('1', 'KHT', '1', '1', TO_DATE('2016-05-16 07:13:56', 'YYYY-MM-DD HH24:MI:SS'), TO_DATE('2016-06-06 07:14:47', 'YYYY-MM-DD HH24:MI:SS'), '기타문의사항1');
INSERT INTO "TRY"."RSVTN_TBL" (RSVTN_CD, USR_ID, PROD_CD, RST_CD, DAY, VST) VALUES ('2', 'JHS', '1', '1', TO_DATE('2016-05-16 00:00:00', 'YYYY-MM-DD HH24:MI:SS'), TO_DATE('2016-06-06 07:14:53', 'YYYY-MM-DD HH24:MI:SS'));
INSERT INTO "TRY"."RSVTN_TBL" (RSVTN_CD, USR_ID, PROD_CD, RST_CD, DAY, VST, INQY) VALUES ('3', 'KYJ', '2', '1', TO_DATE('2016-05-17 00:00:00', 'YYYY-MM-DD HH24:MI:SS'), TO_DATE('2016-06-07 07:15:00', 'YYYY-MM-DD HH24:MI:SS'), '기타문의사항2');
INSERT INTO "TRY"."RSVTN_TBL" (RSVTN_CD, USR_ID, PROD_CD, RST_CD, DAY, VST) VALUES ('4', 'LJH', '2', '1', TO_DATE('2016-05-17 07:14:17', 'YYYY-MM-DD HH24:MI:SS'), TO_DATE('2016-06-07 00:00:00', 'YYYY-MM-DD HH24:MI:SS'));
INSERT INTO "TRY"."RSVTN_TBL" (RSVTN_CD, USR_ID, PROD_CD, RST_CD, DAY, VST, INQY) VALUES ('5', 'LAR', '3', '1', TO_DATE('2016-05-18 07:14:21', 'YYYY-MM-DD HH24:MI:SS'), TO_DATE('2016-06-08 00:00:00', 'YYYY-MM-DD HH24:MI:SS'), '기타문의사항3');
INSERT INTO "TRY"."RSVTN_TBL" (RSVTN_CD, USR_ID, PROD_CD, RST_CD, DAY, VST) VALUES ('6', 'LAR', '3', '1', TO_DATE('2016-05-18 07:14:25', 'YYYY-MM-DD HH24:MI:SS'), TO_DATE('2016-06-08 00:00:00', 'YYYY-MM-DD HH24:MI:SS'));
INSERT INTO "TRY"."RSVTN_TBL" (RSVTN_CD, USR_ID, PROD_CD, RST_CD, DAY, VST, INQY) VALUES ('7', 'LJH', '4', '1', TO_DATE('2016-05-19 07:14:28', 'YYYY-MM-DD HH24:MI:SS'), TO_DATE('2016-06-09 00:00:00', 'YYYY-MM-DD HH24:MI:SS'), '기타문의사항4');
INSERT INTO "TRY"."RSVTN_TBL" (RSVTN_CD, USR_ID, PROD_CD, RST_CD, DAY, VST) VALUES ('8', 'KYJ', '4', '1', TO_DATE('2016-05-19 07:14:32', 'YYYY-MM-DD HH24:MI:SS'), TO_DATE('2016-06-09 00:00:00', 'YYYY-MM-DD HH24:MI:SS'));

-- 35. 열람 테이블 (VW_TBL)
INSERT INTO "TRY"."VW_TBL" (VW_CD, PROD_CD, USR_ID, DT) VALUES ('1', '1', 'KHT', SYSDATE);
INSERT INTO "TRY"."VW_TBL" (VW_CD, PROD_CD, USR_ID, DT) VALUES ('2', '1', 'JHS', SYSDATE);
INSERT INTO "TRY"."VW_TBL" (VW_CD, PROD_CD, USR_ID, DT) VALUES ('3', '1', 'KYJ', SYSDATE);
INSERT INTO "TRY"."VW_TBL" (VW_CD, PROD_CD, USR_ID, DT) VALUES ('4', '1', 'LJH', SYSDATE);
INSERT INTO "TRY"."VW_TBL" (VW_CD, PROD_CD, USR_ID, DT) VALUES ('5', '1', 'KYJ', SYSDATE);
INSERT INTO "TRY"."VW_TBL" (VW_CD, PROD_CD, USR_ID, DT) VALUES ('6', '1', 'JHS', SYSDATE);
INSERT INTO "TRY"."VW_TBL" (VW_CD, PROD_CD, USR_ID, DT) VALUES ('7', '1', 'LAR', SYSDATE);
INSERT INTO "TRY"."VW_TBL" (VW_CD, PROD_CD, USR_ID, DT) VALUES ('8', '1', 'LAR', SYSDATE);
INSERT INTO "TRY"."VW_TBL" (VW_CD, PROD_CD, USR_ID, DT) VALUES ('9', '1', 'LAR', SYSDATE);
INSERT INTO "TRY"."VW_TBL" (VW_CD, PROD_CD, USR_ID, DT) VALUES ('10', '1', 'LJH', SYSDATE);
INSERT INTO "TRY"."VW_TBL" (VW_CD, PROD_CD, USR_ID, DT) VALUES ('11', '2', 'KHT', SYSDATE);
INSERT INTO "TRY"."VW_TBL" (VW_CD, PROD_CD, USR_ID, DT) VALUES ('12', '2', 'JHS', SYSDATE);
INSERT INTO "TRY"."VW_TBL" (VW_CD, PROD_CD, USR_ID, DT) VALUES ('13', '2', 'LAR', SYSDATE);
INSERT INTO "TRY"."VW_TBL" (VW_CD, PROD_CD, USR_ID, DT) VALUES ('14', '2', 'KYJ', SYSDATE);
INSERT INTO "TRY"."VW_TBL" (VW_CD, PROD_CD, USR_ID, DT) VALUES ('15', '2', 'KHT', SYSDATE);
INSERT INTO "TRY"."VW_TBL" (VW_CD, PROD_CD, USR_ID, DT) VALUES ('16', '2', 'LAR', SYSDATE);
INSERT INTO "TRY"."VW_TBL" (VW_CD, PROD_CD, USR_ID, DT) VALUES ('17', '2', 'JHS', SYSDATE);
INSERT INTO "TRY"."VW_TBL" (VW_CD, PROD_CD, USR_ID, DT) VALUES ('18', '2', 'LAR', SYSDATE);
INSERT INTO "TRY"."VW_TBL" (VW_CD, PROD_CD, USR_ID, DT) VALUES ('19', '2', 'KHT', SYSDATE);
INSERT INTO "TRY"."VW_TBL" (VW_CD, PROD_CD, USR_ID, DT) VALUES ('20', '2', 'LAR', SYSDATE);
INSERT INTO "TRY"."VW_TBL" (VW_CD, PROD_CD, USR_ID, DT) VALUES ('21', '3', 'LAR', SYSDATE);
INSERT INTO "TRY"."VW_TBL" (VW_CD, PROD_CD, USR_ID, DT) VALUES ('22', '3', 'LJH', SYSDATE);
INSERT INTO "TRY"."VW_TBL" (VW_CD, PROD_CD, USR_ID, DT) VALUES ('23', '3', 'LJH', SYSDATE);
INSERT INTO "TRY"."VW_TBL" (VW_CD, PROD_CD, USR_ID, DT) VALUES ('24', '3', 'JHS', SYSDATE);
INSERT INTO "TRY"."VW_TBL" (VW_CD, PROD_CD, USR_ID, DT) VALUES ('25', '3', 'LAR', SYSDATE);
INSERT INTO "TRY"."VW_TBL" (VW_CD, PROD_CD, USR_ID, DT) VALUES ('26', '3', 'LAR', SYSDATE);
INSERT INTO "TRY"."VW_TBL" (VW_CD, PROD_CD, USR_ID, DT) VALUES ('27', '3', 'JHS', SYSDATE);
INSERT INTO "TRY"."VW_TBL" (VW_CD, PROD_CD, USR_ID, DT) VALUES ('28', '3', 'LAR', SYSDATE);
INSERT INTO "TRY"."VW_TBL" (VW_CD, PROD_CD, USR_ID, DT) VALUES ('29', '3', 'KYJ', SYSDATE);
INSERT INTO "TRY"."VW_TBL" (VW_CD, PROD_CD, USR_ID, DT) VALUES ('30', '3', 'LAR', SYSDATE);
INSERT INTO "TRY"."VW_TBL" (VW_CD, PROD_CD, USR_ID, DT) VALUES ('31', '4', 'JHS', SYSDATE);
INSERT INTO "TRY"."VW_TBL" (VW_CD, PROD_CD, USR_ID, DT) VALUES ('32', '4', 'KHT', SYSDATE);
INSERT INTO "TRY"."VW_TBL" (VW_CD, PROD_CD, USR_ID, DT) VALUES ('33', '4', 'LAR', SYSDATE);
INSERT INTO "TRY"."VW_TBL" (VW_CD, PROD_CD, USR_ID, DT) VALUES ('34', '4', 'LJH', SYSDATE);
INSERT INTO "TRY"."VW_TBL" (VW_CD, PROD_CD, USR_ID, DT) VALUES ('35', '4', 'LAR', SYSDATE);
INSERT INTO "TRY"."VW_TBL" (VW_CD, PROD_CD, USR_ID, DT) VALUES ('36', '4', 'JHS', SYSDATE);
INSERT INTO "TRY"."VW_TBL" (VW_CD, PROD_CD, USR_ID, DT) VALUES ('37', '4', 'LAR', SYSDATE);
INSERT INTO "TRY"."VW_TBL" (VW_CD, PROD_CD, USR_ID, DT) VALUES ('38', '4', 'KHT', SYSDATE);
INSERT INTO "TRY"."VW_TBL" (VW_CD, PROD_CD, USR_ID, DT) VALUES ('39', '4', 'LJH', SYSDATE);
INSERT INTO "TRY"."VW_TBL" (VW_CD, PROD_CD, USR_ID, DT) VALUES ('40', '4', 'KYJ', SYSDATE);

-- 36. 찜 테이블 (SEL_TBL)
INSERT INTO "TRY"."SEL_TBL" (SEL_CD, PROD_CD, USR_ID, DT) VALUES ('1', '1', 'KHT', SYSDATE);
INSERT INTO "TRY"."SEL_TBL" (SEL_CD, PROD_CD, USR_ID, DT) VALUES ('2', '1', 'JHS', SYSDATE);
INSERT INTO "TRY"."SEL_TBL" (SEL_CD, PROD_CD, USR_ID, DT) VALUES ('3', '2', 'KHT', SYSDATE);
INSERT INTO "TRY"."SEL_TBL" (SEL_CD, PROD_CD, USR_ID, DT) VALUES ('4', '2', 'KYJ', SYSDATE);
INSERT INTO "TRY"."SEL_TBL" (SEL_CD, PROD_CD, USR_ID, DT) VALUES ('5', '2', 'LAR', SYSDATE);
INSERT INTO "TRY"."SEL_TBL" (SEL_CD, PROD_CD, USR_ID, DT) VALUES ('6', '3', 'JHS', SYSDATE);
INSERT INTO "TRY"."SEL_TBL" (SEL_CD, PROD_CD, USR_ID, DT) VALUES ('7', '3', 'LAR', SYSDATE);
INSERT INTO "TRY"."SEL_TBL" (SEL_CD, PROD_CD, USR_ID, DT) VALUES ('8', '4', 'JHS', SYSDATE);
INSERT INTO "TRY"."SEL_TBL" (SEL_CD, PROD_CD, USR_ID, DT) VALUES ('9', '4', 'LJH', SYSDATE);
INSERT INTO "TRY"."SEL_TBL" (SEL_CD, PROD_CD, USR_ID, DT) VALUES ('10', '4', 'LAR', SYSDATE);

-- 37. 상품평 테이블 (PROD_CMT_TBL)
INSERT INTO "TRY"."PROD_CMT_TBL" (PROD_CMT_CD, PROD_CD, USR_ID, RST_CD, CTNT, DT, SCR) VALUES ('1', '1', 'KHT', '3', '상품평 내용1', SYSDATE, '3');
INSERT INTO "TRY"."PROD_CMT_TBL" (PROD_CMT_CD, PROD_CD, USR_ID, RST_CD, CTNT, DT, SCR) VALUES ('2', '1', 'JHS', '3', '상품평 내용2', SYSDATE, '3');
INSERT INTO "TRY"."PROD_CMT_TBL" (PROD_CMT_CD, PROD_CD, USR_ID, RST_CD, CTNT, DT, SCR) VALUES ('3', '1', 'KYJ', '3', '상품평 내용3', SYSDATE, '3');
INSERT INTO "TRY"."PROD_CMT_TBL" (PROD_CMT_CD, PROD_CD, USR_ID, RST_CD, CTNT, DT, SCR) VALUES ('4', '2', 'KHT', '3', '상품평 내용4', SYSDATE, '3');
INSERT INTO "TRY"."PROD_CMT_TBL" (PROD_CMT_CD, PROD_CD, USR_ID, RST_CD, CTNT, DT, SCR) VALUES ('5', '2', 'JHS', '3', '상품평 내용5', SYSDATE, '4');
INSERT INTO "TRY"."PROD_CMT_TBL" (PROD_CMT_CD, PROD_CD, USR_ID, RST_CD, CTNT, DT, SCR) VALUES ('6', '2', 'LJH', '3', '상품평 내용6', SYSDATE, '4');
INSERT INTO "TRY"."PROD_CMT_TBL" (PROD_CMT_CD, PROD_CD, USR_ID, RST_CD, CTNT, DT, SCR) VALUES ('7', '3', 'KHT', '3', '상품평 내용7', SYSDATE, '4');
INSERT INTO "TRY"."PROD_CMT_TBL" (PROD_CMT_CD, PROD_CD, USR_ID, RST_CD, CTNT, DT, SCR) VALUES ('8', '3', 'JHS', '3', '상품평 내용8', SYSDATE, '4');
INSERT INTO "TRY"."PROD_CMT_TBL" (PROD_CMT_CD, PROD_CD, USR_ID, RST_CD, CTNT, DT, SCR) VALUES ('9', '3', 'LJH', '3', '상품평 내용9', SYSDATE, '4');
INSERT INTO "TRY"."PROD_CMT_TBL" (PROD_CMT_CD, PROD_CD, USR_ID, RST_CD, CTNT, DT, SCR) VALUES ('10', '4', 'KYJ', '3', '상품평 내용10', SYSDATE, '5');
INSERT INTO "TRY"."PROD_CMT_TBL" (PROD_CMT_CD, PROD_CD, USR_ID, RST_CD, CTNT, DT, SCR) VALUES ('11', '4', 'LJH', '3', '상품평 내용11', SYSDATE, '5');
INSERT INTO "TRY"."PROD_CMT_TBL" (PROD_CMT_CD, PROD_CD, USR_ID, RST_CD, CTNT, DT, SCR) VALUES ('12', '4', 'LAR', '3', '상품평 내용12', SYSDATE, '5');


-- 38. 상품평 댓글 테이블 (RVW_CMT_TBL)
INSERT INTO "TRY"."RVW_CMT_TBL" (RVW_CMT_CD, PROD_CMT_CD, USR_ID, CTNT, DT) VALUES ('1', '1', 'KHT', '댓글 내용1', SYSDATE);
INSERT INTO "TRY"."RVW_CMT_TBL" (RVW_CMT_CD, PROD_CMT_CD, USR_ID, CTNT, DT) VALUES ('2', '1', 'JHS', '댓글 내용2', SYSDATE);
INSERT INTO "TRY"."RVW_CMT_TBL" (RVW_CMT_CD, PROD_CMT_CD, USR_ID, CTNT, DT) VALUES ('3', '2', 'KHT', '댓글 내용3', SYSDATE);
INSERT INTO "TRY"."RVW_CMT_TBL" (RVW_CMT_CD, PROD_CMT_CD, USR_ID, CTNT, DT) VALUES ('4', '2', 'JHS', '댓글 내용4', SYSDATE);
INSERT INTO "TRY"."RVW_CMT_TBL" (RVW_CMT_CD, PROD_CMT_CD, USR_ID, CTNT, DT) VALUES ('5', '3', 'KHT', '댓글 내용5', SYSDATE);
INSERT INTO "TRY"."RVW_CMT_TBL" (RVW_CMT_CD, PROD_CMT_CD, USR_ID, CTNT, DT) VALUES ('6', '3', 'JHS', '댓글 내용6', SYSDATE);
INSERT INTO "TRY"."RVW_CMT_TBL" (RVW_CMT_CD, PROD_CMT_CD, USR_ID, CTNT, DT) VALUES ('7', '4', 'KHT', '댓글 내용7', SYSDATE);
INSERT INTO "TRY"."RVW_CMT_TBL" (RVW_CMT_CD, PROD_CMT_CD, USR_ID, CTNT, DT) VALUES ('8', '4', 'KYJ', '댓글 내용8', SYSDATE);
INSERT INTO "TRY"."RVW_CMT_TBL" (RVW_CMT_CD, PROD_CMT_CD, USR_ID, CTNT, DT) VALUES ('9', '4', 'LJH', '댓글 내용9', SYSDATE);
INSERT INTO "TRY"."RVW_CMT_TBL" (RVW_CMT_CD, PROD_CMT_CD, USR_ID, CTNT, DT) VALUES ('10', '5', 'KYJ', '댓글 내용10', SYSDATE);
INSERT INTO "TRY"."RVW_CMT_TBL" (RVW_CMT_CD, PROD_CMT_CD, USR_ID, CTNT, DT) VALUES ('11', '5', 'LJH', '댓글 내용11', SYSDATE);
INSERT INTO "TRY"."RVW_CMT_TBL" (RVW_CMT_CD, PROD_CMT_CD, USR_ID, CTNT, DT) VALUES ('12', '5', 'LAR', '댓글 내용12', SYSDATE);
INSERT INTO "TRY"."RVW_CMT_TBL" (RVW_CMT_CD, PROD_CMT_CD, USR_ID, CTNT, DT) VALUES ('13', '6', 'KYJ', '댓글 내용13', SYSDATE);
INSERT INTO "TRY"."RVW_CMT_TBL" (RVW_CMT_CD, PROD_CMT_CD, USR_ID, CTNT, DT) VALUES ('14', '6', 'LJH', '댓글 내용14', SYSDATE);
INSERT INTO "TRY"."RVW_CMT_TBL" (RVW_CMT_CD, PROD_CMT_CD, USR_ID, CTNT, DT) VALUES ('15', '6', 'LAR', '댓글 내용15', SYSDATE);
INSERT INTO "TRY"."RVW_CMT_TBL" (RVW_CMT_CD, PROD_CMT_CD, USR_ID, CTNT, DT) VALUES ('16', '7', 'KYJ', '댓글 내용16', SYSDATE);
INSERT INTO "TRY"."RVW_CMT_TBL" (RVW_CMT_CD, PROD_CMT_CD, USR_ID, CTNT, DT) VALUES ('17', '7', 'LAR', '댓글 내용17', SYSDATE);
INSERT INTO "TRY"."RVW_CMT_TBL" (RVW_CMT_CD, PROD_CMT_CD, USR_ID, CTNT, DT) VALUES ('18', '7', 'KHT', '댓글 내용18', SYSDATE);
INSERT INTO "TRY"."RVW_CMT_TBL" (RVW_CMT_CD, PROD_CMT_CD, USR_ID, CTNT, DT) VALUES ('19', '8', 'LJH', '댓글 내용19', SYSDATE);
INSERT INTO "TRY"."RVW_CMT_TBL" (RVW_CMT_CD, PROD_CMT_CD, USR_ID, CTNT, DT) VALUES ('20', '8', 'LAR', '댓글 내용20', SYSDATE);



COMMIT;